{"columns":["_run","blocksize","blocksize_str","files_dirs","filesize","filesize_str","maxsize_str","nprocs","nthreads","nworkers","pool_type","share_leafs","study","timing"],"index":[0,1,2,3,4,5,6,7,8,9,10,11,12,13,14,15,16,17,18,19,20,21,22,23,24,25,26,27,28,29,30,31,32,33,34,35,36,37,38,39,40,41,42,43,44,45,46,47,48,49,50,51,52,53,54,55,56,57,58,59,60,61,62,63,64,65,66,67,68,69,70,71,72,73,74,75,76,77,78,79,80,81,82,83,84,85,86,87,88,89,90,91,92,93],"data":[[0,10239.0,"10.0K",[".\/files\/main_blocksize_singlevbgacv49\/filesize_50.0M\/file"],52428800.0,"50.0M","50.0M",null,null,null,null,null,"main_blocksize_single",0.1185896819],[0,16051.0,"15.7K",[".\/files\/main_blocksize_singlevbgacv49\/filesize_50.0M\/file"],52428800.0,"50.0M","50.0M",null,null,null,null,null,"main_blocksize_single",0.1131499199],[0,25162.0,"24.6K",[".\/files\/main_blocksize_singlevbgacv49\/filesize_50.0M\/file"],52428800.0,"50.0M","50.0M",null,null,null,null,null,"main_blocksize_single",0.109442179],[0,39443.0,"38.5K",[".\/files\/main_blocksize_singlevbgacv49\/filesize_50.0M\/file"],52428800.0,"50.0M","50.0M",null,null,null,null,null,"main_blocksize_single",0.107093395],[0,61829.0,"60.4K",[".\/files\/main_blocksize_singlevbgacv49\/filesize_50.0M\/file"],52428800.0,"50.0M","50.0M",null,null,null,null,null,"main_blocksize_single",0.105714882],[0,96922.0,"94.7K",[".\/files\/main_blocksize_singlevbgacv49\/filesize_50.0M\/file"],52428800.0,"50.0M","50.0M",null,null,null,null,null,"main_blocksize_single",0.105310614],[0,151931.0,"148.4K",[".\/files\/main_blocksize_singlevbgacv49\/filesize_50.0M\/file"],52428800.0,"50.0M","50.0M",null,null,null,null,null,"main_blocksize_single",0.104714973],[0,238162.0,"232.6K",[".\/files\/main_blocksize_singlevbgacv49\/filesize_50.0M\/file"],52428800.0,"50.0M","50.0M",null,null,null,null,null,"main_blocksize_single",0.104355378],[0,373334.0,"364.6K",[".\/files\/main_blocksize_singlevbgacv49\/filesize_50.0M\/file"],52428800.0,"50.0M","50.0M",null,null,null,null,null,"main_blocksize_single",0.10410657],[0,585224.0,"571.5K",[".\/files\/main_blocksize_singlevbgacv49\/filesize_50.0M\/file"],52428800.0,"50.0M","50.0M",null,null,null,null,null,"main_blocksize_single",0.10435709],[0,917375.0,"895.9K",[".\/files\/main_blocksize_singlevbgacv49\/filesize_50.0M\/file"],52428800.0,"50.0M","50.0M",null,null,null,null,null,"main_blocksize_single",0.106736096],[0,1438043.0,"1.4M",[".\/files\/main_blocksize_singlevbgacv49\/filesize_50.0M\/file"],52428800.0,"50.0M","50.0M",null,null,null,null,null,"main_blocksize_single",0.109411122],[0,2254222.0,"2.1M",[".\/files\/main_blocksize_singlevbgacv49\/filesize_50.0M\/file"],52428800.0,"50.0M","50.0M",null,null,null,null,null,"main_blocksize_single",0.109220346],[0,3533633.0,"3.4M",[".\/files\/main_blocksize_singlevbgacv49\/filesize_50.0M\/file"],52428800.0,"50.0M","50.0M",null,null,null,null,null,"main_blocksize_single",0.1096778091],[0,5539189.0,"5.3M",[".\/files\/main_blocksize_singlevbgacv49\/filesize_50.0M\/file"],52428800.0,"50.0M","50.0M",null,null,null,null,null,"main_blocksize_single",0.1100439129],[0,8683023.0,"8.3M",[".\/files\/main_blocksize_singlevbgacv49\/filesize_50.0M\/file"],52428800.0,"50.0M","50.0M",null,null,null,null,null,"main_blocksize_single",0.109679588],[0,13611177.0,"13.0M",[".\/files\/main_blocksize_singlevbgacv49\/filesize_50.0M\/file"],52428800.0,"50.0M","50.0M",null,null,null,null,null,"main_blocksize_single",0.109861779],[0,21336365.0,"20.3M",[".\/files\/main_blocksize_singlevbgacv49\/filesize_50.0M\/file"],52428800.0,"50.0M","50.0M",null,null,null,null,null,"main_blocksize_single",0.109508471],[0,33446076.0,"31.9M",[".\/files\/main_blocksize_singlevbgacv49\/filesize_50.0M\/file"],52428800.0,"50.0M","50.0M",null,null,null,null,null,"main_blocksize_single",0.114255907],[0,52428800.0,"50.0M",[".\/files\/main_blocksize_singlevbgacv49\/filesize_50.0M\/file"],52428800.0,"50.0M","50.0M",null,null,null,null,null,"main_blocksize_single",0.1096132849],[0,262144.0,"256.0K",[".\/files\/main_filesize_single8eddg710\/filesize_10.0M\/file"],10485760.0,"10.0M","50.0M",null,null,null,null,null,"main_filesize_single",0.021203176],[0,262144.0,"256.0K",[".\/files\/main_filesize_single8eddg710\/filesize_20.0M\/file"],20971520.0,"20.0M","50.0M",null,null,null,null,null,"main_filesize_single",0.0416136341],[0,262144.0,"256.0K",[".\/files\/main_filesize_single8eddg710\/filesize_30.0M\/file"],31457280.0,"30.0M","50.0M",null,null,null,null,null,"main_filesize_single",0.0623802081],[0,262144.0,"256.0K",[".\/files\/main_filesize_single8eddg710\/filesize_40.0M\/file"],41943040.0,"40.0M","50.0M",null,null,null,null,null,"main_filesize_single",0.08315848],[0,262144.0,"256.0K",[".\/files\/main_filesize_single8eddg710\/filesize_50.0M\/file"],52428800.0,"50.0M","50.0M",null,null,null,null,null,"main_filesize_single",0.104039895],[0,10239.0,"10.0K",[".\/files\/main_blocksize5ziw52im"],null,null,"50.0M",null,null,null,null,null,"main_blocksize",0.11497625],[0,16051.0,"15.7K",[".\/files\/main_blocksize5ziw52im"],null,null,"50.0M",null,null,null,null,null,"main_blocksize",0.110094073],[0,25162.0,"24.6K",[".\/files\/main_blocksize5ziw52im"],null,null,"50.0M",null,null,null,null,null,"main_blocksize",0.106501755],[0,39443.0,"38.5K",[".\/files\/main_blocksize5ziw52im"],null,null,"50.0M",null,null,null,null,null,"main_blocksize",0.104507692],[0,61829.0,"60.4K",[".\/files\/main_blocksize5ziw52im"],null,null,"50.0M",null,null,null,null,null,"main_blocksize",0.103255867],[0,96922.0,"94.7K",[".\/files\/main_blocksize5ziw52im"],null,null,"50.0M",null,null,null,null,null,"main_blocksize",0.102578638],[0,151931.0,"148.4K",[".\/files\/main_blocksize5ziw52im"],null,null,"50.0M",null,null,null,null,null,"main_blocksize",0.1019326149],[0,238162.0,"232.6K",[".\/files\/main_blocksize5ziw52im"],null,null,"50.0M",null,null,null,null,null,"main_blocksize",0.101550236],[0,373334.0,"364.6K",[".\/files\/main_blocksize5ziw52im"],null,null,"50.0M",null,null,null,null,null,"main_blocksize",0.101628519],[0,585224.0,"571.5K",[".\/files\/main_blocksize5ziw52im"],null,null,"50.0M",null,null,null,null,null,"main_blocksize",0.101850407],[0,917375.0,"895.9K",[".\/files\/main_blocksize5ziw52im"],null,null,"50.0M",null,null,null,null,null,"main_blocksize",0.1026174551],[0,1438043.0,"1.4M",[".\/files\/main_blocksize5ziw52im"],null,null,"50.0M",null,null,null,null,null,"main_blocksize",0.10293218],[0,2254222.0,"2.1M",[".\/files\/main_blocksize5ziw52im"],null,null,"50.0M",null,null,null,null,null,"main_blocksize",0.102782546],[0,3533633.0,"3.4M",[".\/files\/main_blocksize5ziw52im"],null,null,"50.0M",null,null,null,null,null,"main_blocksize",0.102849377],[0,5539189.0,"5.3M",[".\/files\/main_blocksize5ziw52im"],null,null,"50.0M",null,null,null,null,null,"main_blocksize",0.1029699621],[0,8683023.0,"8.3M",[".\/files\/main_blocksize5ziw52im"],null,null,"50.0M",null,null,null,null,null,"main_blocksize",0.1027993821],[0,13611177.0,"13.0M",[".\/files\/main_blocksize5ziw52im"],null,null,"50.0M",null,null,null,null,null,"main_blocksize",0.102919766],[0,21336365.0,"20.3M",[".\/files\/main_blocksize5ziw52im"],null,null,"50.0M",null,null,null,null,null,"main_blocksize",0.102855243],[0,33446076.0,"31.9M",[".\/files\/main_blocksize5ziw52im"],null,null,"50.0M",null,null,null,null,null,"main_blocksize",0.102948155],[0,52428800.0,"50.0M",[".\/files\/main_blocksize5ziw52im"],null,null,"50.0M",null,null,null,null,null,"main_blocksize",0.1054458719],[0,null,null,null,null,null,"50.0M",null,null,1.0,"proc,thread=1",null,"hash_file_parallel",0.1172944091],[0,null,null,null,null,null,"50.0M",null,null,2.0,"proc,thread=1",null,"hash_file_parallel",0.09712914],[0,null,null,null,null,null,"50.0M",null,null,3.0,"proc,thread=1",null,"hash_file_parallel",0.0935661091],[0,null,null,null,null,null,"50.0M",null,null,4.0,"proc,thread=1",null,"hash_file_parallel",0.096861526],[0,null,null,null,null,null,"50.0M",null,null,1.0,"thread,proc=1",null,"hash_file_parallel",0.114482827],[0,null,null,null,